Name,Remaining Time,Current Price,Article URL
3 Tage Wellness Kurzurlaub Boutique Hotel Erla 4* Stubenbergsee Steiermark Reise,Noch 19 Min (Heute 18:58),"EUR 101,00",https://www.ebay.at/itm/3-Tage-Wellness-Kurzurlaub-Boutique-Hotel-Erla-4-Stubenbergsee-Steiermark-Reise/313353764405?hash=item48f556fe35:g:WXAAAOSwkUJf4anE
4 Tage Wellness Erholung 4* Hotel Margarethenbad Urlaub Hohe Tauern Kärnten HP,Noch 34 Min (Heute 19:13),"EUR 171,66",https://www.ebay.at/itm/4-Tage-Wellness-Erholung-4-Hotel-Margarethenbad-Urlaub-Hohe-Tauern-Karnten-HP/313347373845?hash=item48f4f57b15:g:JuoAAOSwxp1f22rP
5 Tage Wellness Genuss Reise Hotel Das Alpenhaus Kaprun 4* Urlaub inkl. HP,Noch 16 Min (Heute 18:55),"EUR 416,00",https://www.ebay.at/itm/5-Tage-Wellness-Genuss-Reise-Hotel-Das-Alpenhaus-Kaprun-4-Urlaub-inkl-HP/313347339119?hash=item48f4f4f36f:g:U8kAAOSwQOdf22V0
3 Tage 4*S Alpine Lifestyle Hotel Das Kronthaler Wellness Urlaub All Inclusive,"Noch 6T 3Std (Mittwoch, 22:01)","EUR 391,00",https://www.ebay.at/itm/3-Tage-4-S-Alpine-Lifestyle-Hotel-Das-Kronthaler-Wellness-Urlaub-All-Inclusive/402620511357?hash=item5dbe0d747d:g:ndoAAOSwhJNf434G
3 Tage Wellness Kurzurlaub Hotel Almesberger 4*S Mühlviertel Reise inkl. HP,"Noch 6T 5Std (Donnerstag, 0:12)","EUR 323,00",https://www.ebay.at/itm/3-Tage-Wellness-Kurzurlaub-Hotel-Almesberger-4-S-Muhlviertel-Reise-inkl-HP/402620605414?hash=item5dbe0ee3e6:g:8qAAAOSwglZf45oj
Kurzurlaub 4*S Hotel & Spa Therme Linsberg Asia 3 Tage Luxus Reise Wellness,"Noch 2T 5Std (Samstag, 23:43)","EUR 290,00",https://www.ebay.at/itm/Kurzurlaub-4-S-Hotel-Spa-Therme-Linsberg-Asia-3-Tage-Luxus-Reise-Wellness/383872823880?hash=item59609a7248:g:lKYAAOSwFE5f45Mp
5 Tage Familienurlaub Kinderhotel Benjamin 3* inkl. VP Malta Kärnten Reise,"Noch 6T 2Std (Mittwoch, 21:13)","EUR 248,00",https://www.ebay.at/itm/5-Tage-Familienurlaub-Kinderhotel-Benjamin-3-inkl-VP-Malta-Karnten-Reise/313355585807?hash=item48f572c90f:g:gYAAAOSwGYZf42~W
4 Tage Wörthersee Kurzurlaub my lake hotel & spa 4* Pörtschach Kärnten Erholung,Noch 1 Std (Heute 19:50),"EUR 233,00",https://www.ebay.at/itm/4-Tage-Worthersee-Kurzurlaub-my-lake-hotel-spa-4-Portschach-Karnten-Erholung/402612852518?hash=item5dbd989726:g:zpwAAOSwc1Ff23HO
3 Tage Wellness Urlaub Hotel Stoiser 4*S Kurzreise Loipersdorf Steiermark,"Noch 6T 5Std (Donnerstag, 0:28)","EUR 222,00",https://www.ebay.at/itm/3-Tage-Wellness-Urlaub-Hotel-Stoiser-4-S-Kurzreise-Loipersdorf-Steiermark/313355846602?hash=item48f576c3ca:g:hZwAAOSwUAdf46Ep
3 Tage Wellness Urlaub Hotel Stroissmüller 4* inkl. HP Therme Bad Schallerbach,"Noch 6T 6Std (Donnerstag, 0:40)","EUR 222,00",https://www.ebay.at/itm/3-Tage-Wellness-Urlaub-Hotel-Stroissmuller-4-inkl-HP-Therme-Bad-Schallerbach/313355845721?hash=item48f576c059:g:BCIAAOSw22Ff46Ek
3 Tage Kurzurlaub Hotel Dachstein 4* inkl. HP Filzmoos Salzburger Land Wandern,"Noch 5T 22Std (Mittwoch, 16:38)","EUR 133,00",https://www.ebay.at/itm/3-Tage-Kurzurlaub-Hotel-Dachstein-4-inkl-HP-Filzmoos-Salzburger-Land-Wandern/402620243758?hash=item5dbe095f2e:g:xU0AAOSwwfdf4zCG
3 Tage Wellness Urlaub Hotel zur Post Döbriach 3*S Millstätter See Kärnten HP,Noch 39 Min (Heute 19:18),"EUR 111,02",https://www.ebay.at/itm/3-Tage-Wellness-Urlaub-Hotel-zur-Post-Dobriach-3-S-Millstatter-See-Karnten-HP/313347373919?hash=item48f4f57b5f:g:~mkAAOSwqtJf22rX
6 Tage Strandurlaub auf Rügen Ostsee Hotel Baabe inkl. HP Reise Deutschland,"Noch 6T 21Std (Donnerstag, 15:47)","EUR 22,50",https://www.ebay.at/itm/6-Tage-Strandurlaub-auf-Rugen-Ostsee-Hotel-Baabe-inkl-HP-Reise-Deutschland/313356613801?hash=item48f58278a9:g:Q8oAAOSwzI5f5HQF
5 Tage Wandern Urlaub 4* Mozart Vital Hotel Tirol Wellness Reise inkl. VP,"Noch 6 T (Mittwoch, 19:24)","EUR 223,00",https://www.ebay.at/itm/5-Tage-Wandern-Urlaub-4-Mozart-Vital-Hotel-Tirol-Wellness-Reise-inkl-VP/313355436016?hash=item48f5707ff0:g:uiYAAOSwuN5f41PN
5 Tage Erholung Reise Hotel Paradiso Pure Living 4* inkl. HP Seiser Alm Südtirol,"Noch 6 T (Mittwoch, 19:01)","EUR 445,00",https://www.ebay.at/itm/5-Tage-Erholung-Reise-Hotel-Paradiso-Pure-Living-4-inkl-HP-Seiser-Alm-Sudtirol/402620355628?hash=item5dbe0b142c:g:Sf0AAOSwIFhf41PR
3 Tage Erholung Kurzurlaub 3* Hotel Mölltal Obervellach Kärnten Reise inkl. HP,Noch 21 Min (Heute 19:00),"EUR 79,98",https://www.ebay.at/itm/3-Tage-Erholung-Kurzurlaub-3-Hotel-Molltal-Obervellach-Karnten-Reise-inkl-HP/402612758306?hash=item5dbd972722:g:p6wAAOSwdHlf22V1
3 Tage Kurzurlaub Hotel DAS SONNREICH 4* Wellness Genuss Reise Loipersdorf HP,Noch 3 Std (Heute 21:50),"EUR 286,00",https://www.ebay.at/itm/3-Tage-Kurzurlaub-Hotel-DAS-SONNREICH-4-Wellness-Genuss-Reise-Loipersdorf-HP/383863203475?hash=item596007a693:g:5BsAAOSwZq9f244L
5 Tage Urlaub Park Hotel Marlena 4* Superior Meran Südtirol Wellness inkl. VP,"Noch 6T 7Std (Donnerstag, 2:06)","EUR 446,00",https://www.ebay.at/itm/5-Tage-Urlaub-Park-Hotel-Marlena-4-Superior-Meran-Sudtirol-Wellness-inkl-VP/313355954799?hash=item48f5786a6f:g:u7IAAOSwne1f47ZR
3 Tage Wellness Genuss Kurzreise Hotel Das Alpenhaus Kaprun 4* Urlaub inkl. HP,"Noch 6T 6Std (Donnerstag, 0:49)","EUR 100,00",https://www.ebay.at/itm/3-Tage-Wellness-Genuss-Kurzreise-Hotel-Das-Alpenhaus-Kaprun-4-Urlaub-inkl-HP/402620628729?hash=item5dbe0f3ef9:g:e7YAAOSwelFf46Eg
3 Tage Wellness Kurzurlaub Genusshotel Riegersburg 4* inkl. HP Steiermark Reise,Noch 3 Std (Heute 21:45),"EUR 273,00",https://www.ebay.at/itm/3-Tage-Wellness-Kurzurlaub-Genusshotel-Riegersburg-4-inkl-HP-Steiermark-Reise/313347649051?hash=item48f4f9ae1b:g:szwAAOSw7Hlf244H
3 Tage Wellness Kurzurlaub Hotel Sonneck 4* Kössen Kaiserwinkl Tirol inkl. HP,"Noch 6T 20Std (Donnerstag, 15:16)","EUR 1,00",https://www.ebay.at/itm/3-Tage-Wellness-Kurzurlaub-Hotel-Sonneck-4-Kossen-Kaiserwinkl-Tirol-inkl-HP/402621256773?hash=item5dbe18d445:g:KtkAAOSwsP1f5G0Q
5 Tage Urlaub Hotel Mea Via 4* inkl. HP Pufels Südtirol Dolomiten Wandern Biking,"Noch 6T 9Std (Donnerstag, 3:47)","EUR 153,33",https://www.ebay.at/itm/5-Tage-Urlaub-Hotel-Mea-Via-4-inkl-HP-Pufels-Sudtirol-Dolomiten-Wandern-Biking/402620765495?hash=item5dbe115537:g:XH8AAOSw3Zpf48tL
4 Tage Wellness Kurzurlaub Hotel Sonneck 4* Kössen Kaiserwinkl Tirol inkl. HP,"Noch 6T 2Std (Mittwoch, 21:32)","EUR 154,00",https://www.ebay.at/itm/4-Tage-Wellness-Kurzurlaub-Hotel-Sonneck-4-Kossen-Kaiserwinkl-Tirol-inkl-HP/313355622099?hash=item48f57356d3:g:OLkAAOSwSRlf43cM
5 Tage Wellness Wandern Kurzreise Stubaital Alpen Hotel Fernau 4* Urlaub Tirol,"Noch 6T 20Std (Donnerstag, 14:48)","EUR 20,83",https://www.ebay.at/itm/5-Tage-Wellness-Wandern-Kurzreise-Stubaital-Alpen-Hotel-Fernau-4-Urlaub-Tirol/383873738529?hash=item5960a86721:g:Gb0AAOSwQqRf5GX~
5 Tage Urlaub Hotel Das Alpenhaus Gasteinertal 4* inkl. HP Wellness Reise,"Noch 4T 19Std (Dienstag, 14:13)","EUR 401,00",https://www.ebay.at/itm/5-Tage-Urlaub-Hotel-Das-Alpenhaus-Gasteinertal-4-inkl-HP-Wellness-Reise/313353846470?hash=item48f5583ec6:g:T0AAAOSwwz1f4bvo
3 Tage Wellness Urlaub Hotel Leitner 4* Therme Loipersdorf Steiermark inkl. HP,"Noch 5 Std (Freitag, 0:20)","EUR 356,00",https://www.ebay.at/itm/3-Tage-Wellness-Urlaub-Hotel-Leitner-4-Therme-Loipersdorf-Steiermark-inkl-HP/383863464339?hash=item59600ba193:g:K7sAAOSwRrpf27Em
4 Tage Kurzurlaub Hotel Der Almblick 4* inkl. HP Strallegg Steiermark Reise,"Noch 6 Std (Freitag, 0:58)","EUR 251,00",https://www.ebay.at/itm/4-Tage-Kurzurlaub-Hotel-Der-Almblick-4-inkl-HP-Strallegg-Steiermark-Reise/402613457049?hash=item5dbda1d099:g:sUUAAOSwy11f278j
5 Tage Urlaub Hotel Belvedere 3*S Gardasee Manerba del Garda Italien Biking Golf,"Noch 6T 2Std (Mittwoch, 21:04)","EUR 82,00",https://www.ebay.at/itm/5-Tage-Urlaub-Hotel-Belvedere-3-S-Gardasee-Manerba-del-Garda-Italien-Biking-Golf/402620461938?hash=item5dbe0cb372:g:~kEAAOSweNpf42~T
5 Tage Urlaub Zell am See 3* Hotel Grüner Baum inkl. HP Wandern Biking Golf,"Noch 6T 21Std (Donnerstag, 16:02)","EUR 3,50",https://www.ebay.at/itm/5-Tage-Urlaub-Zell-am-See-3-Hotel-Gruner-Baum-inkl-HP-Wandern-Biking-Golf/313356630955?hash=item48f582bbab:g:VCYAAOSwtmhf5Hr4
4 Tage Urlaub Hotel Tirolerhof 4* Stubaital Fulpmes Tirol inkl. HP Kurzreise,Noch 4 Std (Heute 23:21),"EUR 230,00",https://www.ebay.at/itm/4-Tage-Urlaub-Hotel-Tirolerhof-4-Stubaital-Fulpmes-Tirol-inkl-HP-Kurzreise/313347785403?hash=item48f4fbc2bb:g:JFEAAOSwlc1f26L1
3 Tage Wellness Urlaub Romantik Hotel Im Weissen Rössl 4*S Wolfgangsee inkl. HP,"Noch 6T 5Std (Donnerstag, 0:12)","EUR 202,00",https://www.ebay.at/itm/3-Tage-Wellness-Urlaub-Romantik-Hotel-Im-Weissen-Rossl-4-S-Wolfgangsee-inkl-HP/313355805159?hash=item48f57621e7:g:troAAOSwN35f45om
4 Tage 4* Wellness Erholung Urlaub Hotel Allmer Bad Gleichenberg Steiermark,"Noch 6T 5Std (Mittwoch, 23:56)","EUR 200,00",https://www.ebay.at/itm/4-Tage-4-Wellness-Erholung-Urlaub-Hotel-Allmer-Bad-Gleichenberg-Steiermark/383872823854?hash=item59609a722e:g:Y00AAOSw-ktf45Mm
4 Tage 4* Wellness Erholung Urlaub Hotel Allmer Bad Gleichenberg Steiermark,"Noch 23 Std (Freitag, 17:51)","EUR 287,00",https://www.ebay.at/itm/4-Tage-4-Wellness-Erholung-Urlaub-Hotel-Allmer-Bad-Gleichenberg-Steiermark/402614387148?hash=item5dbdb001cc:g:cJMAAOSwiItf3Kcg
3 Tage Kurzurlaub am Millstätter See Hotel Bellevue 4* Kärnten Reise inkl. HP,"Noch 6T 9Std (Donnerstag, 3:42)","EUR 62,00",https://www.ebay.at/itm/3-Tage-Kurzurlaub-am-Millstatter-See-Hotel-Bellevue-4-Karnten-Reise-inkl-HP/313356048308?hash=item48f579d7b4:g:SmcAAOSwsppf48tF
6 Tage Winterurlaub Hotel Alpina 4* Obertauern Salzburger Land Skireise,"Noch 6T 5Std (Mittwoch, 23:55)","EUR 313,00",https://www.ebay.at/itm/6-Tage-Winterurlaub-Hotel-Alpina-4-Obertauern-Salzburger-Land-Skireise/402620573654?hash=item5dbe0e67d6:g:jSgAAOSwhWFf45Mt
4 Tage Wellness Reise Hotel BERGhof 4* Urlaub Ramsau am Dachstein inkl. HP,Noch 1 Std (Heute 20:08),"EUR 336,00",https://www.ebay.at/itm/4-Tage-Wellness-Reise-Hotel-BERGhof-4-Urlaub-Ramsau-am-Dachstein-inkl-HP/402612917012?hash=item5dbd999314:g:SMkAAOSwZaRf23jF
3 Tage Weekend Special Urlaub Hotel & Spa Suites VITUS Steyr 4* inkl. 1x Dinner,"Noch 5T 20Std (Mittwoch, 14:40)","EUR 113,00",https://www.ebay.at/itm/3-Tage-Weekend-Special-Urlaub-Hotel-Spa-Suites-VITUS-Steyr-4-inkl-1x-Dinner/383871992391?hash=item59608dc247:g:8WYAAOSwnbZf4xSR
3 Tage Wellness Kurzurlaub Genusshotel Riegersburg 4* inkl. HP Steiermark Reise,"Noch 3T 3Std (Sonntag, 21:45)","EUR 255,00",https://www.ebay.at/itm/3-Tage-Wellness-Kurzurlaub-Genusshotel-Riegersburg-4-inkl-HP-Steiermark-Reise/383867706168?hash=item59604c5b38:g:8bgAAOSwkYpf34JT
3 Tage Wellness Urlaub Hotel Leitner 4* Therme Loipersdorf Steiermark inkl. HP,"Noch 5T 5Std (Mittwoch, 0:20)","EUR 201,00",https://www.ebay.at/itm/3-Tage-Wellness-Urlaub-Hotel-Leitner-4-Therme-Loipersdorf-Steiermark-inkl-HP/313354471528?hash=item48f561c868:g:kWoAAOSw22Ff4kiF
3 Tage Kurzurlaub Hotel DAS SONNREICH 4* Wellness Genuss Reise Loipersdorf HP,"Noch 2T 3Std (Samstag, 21:50)","EUR 234,00",https://www.ebay.at/itm/3-Tage-Kurzurlaub-Hotel-DAS-SONNREICH-4-Wellness-Genuss-Reise-Loipersdorf-HP/313350614276?hash=item48f526ed04:g:GS4AAOSw-k1f3jDy
3 Tage Thermen & Berge Deluxe Reise AQUA DOME 4*sup Wellness Urlaub Ötztal Tirol,"Noch 5T 7Std (Mittwoch, 1:53)","EUR 400,00",https://www.ebay.at/itm/3-Tage-Thermen-Berge-Deluxe-Reise-AQUA-DOME-4-sup-Wellness-Urlaub-Otztal-Tirol/313354585079?hash=item48f56383f7:g:dBUAAOSwpxNf4l2q
3 Tage Wellness Thermen Urlaub Hotel Rogner Bad Blumau 4* inkl. HP Steiermark,"Noch 3T 21Std (Montag, 16:02)","EUR 400,04",https://www.ebay.at/itm/3-Tage-Wellness-Thermen-Urlaub-Hotel-Rogner-Bad-Blumau-4-inkl-HP-Steiermark/402617892310?hash=item5dbde57dd6:g:v70AAOSwhnZf4IZ3
5 Tage Wörthersee Kurzurlaub my lake hotel & spa 4* Pörtschach Kärnten Erholung,"Noch 3T 19Std (Montag, 14:05)","EUR 302,00",https://www.ebay.at/itm/5-Tage-Worthersee-Kurzurlaub-my-lake-hotel-spa-4-Portschach-Karnten-Erholung/402617799507?hash=item5dbde41353:g:N9MAAOSwbs9f4Gp-
4 Tage Urlaub Hotel Alpenrose 4*S inkl. VP Elbigenalp Lechtal Tirol Biking Reise,"Noch 6T 21Std (Donnerstag, 16:10)","EUR 2,50",https://www.ebay.at/itm/4-Tage-Urlaub-Hotel-Alpenrose-4-S-inkl-VP-Elbigenalp-Lechtal-Tirol-Biking-Reise/383873848090?hash=item5960aa131a:g:yHoAAOSwsKxf5Hr-
4 Tage Kurzurlaub Hotel DAS SONNREICH 4* Wellness Genuss Reise Loipersdorf HP,"Noch 1T 7Std (Samstag, 1:43)","EUR 302,00",https://www.ebay.at/itm/4-Tage-Kurzurlaub-Hotel-DAS-SONNREICH-4-Wellness-Genuss-Reise-Loipersdorf-HP/313349565817?hash=item48f516ed79:g:I-IAAOSwluVf3Ren
3 Tage Wellness Kurzurlaub Genusshotel Riegersburg 4* inkl. HP Steiermark Reise,"Noch 2T 7Std (Sonntag, 2:11)","EUR 244,00",https://www.ebay.at/itm/3-Tage-Wellness-Kurzurlaub-Genusshotel-Riegersburg-4-inkl-HP-Steiermark-Reise/383866634656?hash=item59603c01a0:g:kaQAAOSwy79f3nBR
3 Tage Wellness Urlaub Hotel Leitner 4* Therme Loipersdorf Steiermark inkl. HP,"Noch 3T 5Std (Montag, 0:20)","EUR 314,00",https://www.ebay.at/itm/3-Tage-Wellness-Urlaub-Hotel-Leitner-4-Therme-Loipersdorf-Steiermark-inkl-HP/383867884138?hash=item59604f126a:g:1DwAAOSw~7Nf36Ww
3 Tage Wellness Urlaub Hotel Stoiser 4*S Kurzreise Loipersdorf Steiermark,"Noch 1T 5Std (Samstag, 0:28)","EUR 252,00",https://www.ebay.at/itm/3-Tage-Wellness-Urlaub-Hotel-Stoiser-4-S-Kurzreise-Loipersdorf-Steiermark/383865060497?hash=item596023fc91:g:yqYAAOSwCwFf3Qm2
6 Tage Wellness Erholung 4* Hotel Margarethenbad Urlaub Hohe Tauern Kärnten HP,"Noch 3T 4Std (Sonntag, 23:21)","EUR 321,01",https://www.ebay.at/itm/6-Tage-Wellness-Erholung-4-Hotel-Margarethenbad-Urlaub-Hohe-Tauern-Karnten-HP/402616970393?hash=item5dbdd76c99:g:4iAAAOSwtM1f35d3
3 Tage Urlaub Hotel DAS SONNREICH 4* Wellness EXKL. Eintritt Therme Loipersdorf,Noch 2 Std (Heute 21:28),"EUR 121,00",https://www.ebay.at/itm/3-Tage-Urlaub-Hotel-DAS-SONNREICH-4-Wellness-EXKL-Eintritt-Therme-Loipersdorf/402613064043?hash=item5dbd9bd16b:g:6jUAAOSwr8Vf244O
6 Tage 4* Hotel Olympia Therme Wellness Urlaub Montegrotto Abano Italien inkl HP,"Noch 6T 6Std (Donnerstag, 1:03)","EUR 124,00",https://www.ebay.at/itm/6-Tage-4-Hotel-Olympia-Therme-Wellness-Urlaub-Montegrotto-Abano-Italien-inkl-HP/402620670261?hash=item5dbe0fe135:g:XawAAOSwcMlf46gj
7 Tage Urlaub Wellness Hotel Stubaier Hof 4* Fulpmes Stubaital Tirol inkl. HP,"Noch 20 Std (Freitag, 15:06)","EUR 550,00",https://www.ebay.at/itm/7-Tage-Urlaub-Wellness-Hotel-Stubaier-Hof-4-Fulpmes-Stubaital-Tirol-inkl-HP/383864370589?hash=item596019759d:g:5HAAAOSwwSpf3IQJ
3 Tage Kurzurlaub Hotel Das Alpenhaus Gasteinertal 4* inkl. HP Wellness Reise,"Noch 2T 3Std (Samstag, 22:17)","EUR 202,00",https://www.ebay.at/itm/3-Tage-Kurzurlaub-Hotel-Das-Alpenhaus-Gasteinertal-4-inkl-HP-Wellness-Reise/313350643433?hash=item48f5275ee9:g:g4YAAOSwfGhf3jfp
4 Tage Wellness Urlaub Hotel Kolmhof 4* Wandern Millstätter See Reise inkl. HP,"Noch 23 Std (Freitag, 17:42)","EUR 232,00",https://www.ebay.at/itm/4-Tage-Wellness-Urlaub-Hotel-Kolmhof-4-Wandern-Millstatter-See-Reise-inkl-HP/383864520510?hash=item59601bbf3e:g:kRUAAOSwnNVf3Kci
5 Tage 4* Hotel Piroska Wellness Erholung Urlaub Bük inkl. HP Ungarn Reise,"Noch 21 Std (Freitag, 16:35)","EUR 130,13",https://www.ebay.at/itm/5-Tage-4-Hotel-Piroska-Wellness-Erholung-Urlaub-Buk-inkl-HP-Ungarn-Reise/402614325150?hash=item5dbdaf0f9e:g:OekAAOSwzJZf3Jk2
3 Tage Wellness Urlaub Hotel Stoiser 4*S Kurzreise Loipersdorf Steiermark,"Noch 3T 5Std (Montag, 0:28)","EUR 21,50",https://www.ebay.at/itm/3-Tage-Wellness-Urlaub-Hotel-Stoiser-4-S-Kurzreise-Loipersdorf-Steiermark/383867920556?hash=item59604fa0ac:g:HiMAAOSwRcNf36yy
3 Tage Weekend Special Urlaub Hotel & Spa Suites VITUS Steyr 4* inkl. 1x Dinner,"Noch 4T 5Std (Montag, 23:52)","EUR 89,00",https://www.ebay.at/itm/3-Tage-Weekend-Special-Urlaub-Hotel-Spa-Suites-VITUS-Steyr-4-inkl-1x-Dinner/402618236832?hash=item5dbdeabfa0:g:mJIAAOSwi2Rf4PAW
3 Tage Winterurlaub Hotel Alpina 4* Obertauern Salzburger Land Skireise,"Noch 1T 20Std (Samstag, 15:00)","EUR 101,00",https://www.ebay.at/itm/3-Tage-Winterurlaub-Hotel-Alpina-4-Obertauern-Salzburger-Land-Skireise/313350313702?hash=item48f52256e6:g:FlEAAOSw4gRf3dWg
3 Tage Wellness Urlaub Vamed Hotel Spa Resort Styria 4*S inkl HP Bad Waltersdorf,"Noch 4T 4Std (Montag, 23:22)","EUR 246,00",https://www.ebay.at/itm/3-Tage-Wellness-Urlaub-Vamed-Hotel-Spa-Resort-Styria-4-S-inkl-HP-Bad-Waltersdorf/402618219509?hash=item5dbdea7bf5:g:xm4AAOSwDaVf4OkY
4 Tage Wellness Reise Hotel BERGhof 4* Urlaub Ramsau am Dachstein inkl. HP,"Noch 4T 1Std (Montag, 20:08)","EUR 321,00",https://www.ebay.at/itm/4-Tage-Wellness-Reise-Hotel-BERGhof-4-Urlaub-Ramsau-am-Dachstein-inkl-HP/402618097750?hash=item5dbde8a056:g:bLgAAOSwTcdf4L7h
3 Tage Hotel St. Martins Therme & Lodge 4*S Wellness Urlaub Seewinkel inkl. HP,"Noch 5T 6Std (Mittwoch, 1:08)","EUR 408,00",https://www.ebay.at/itm/3-Tage-Hotel-St-Martins-Therme-Lodge-4-S-Wellness-Urlaub-Seewinkel-inkl-HP/383871124180?hash=item59608082d4:g:aYAAAOSwqlZf4law
3 Tage Weekend Special Urlaub Hotel & Spa Suites VITUS Steyr 4* inkl. 1x Dinner,"Noch 5T 5Std (Dienstag, 23:52)","EUR 122,00",https://www.ebay.at/itm/3-Tage-Weekend-Special-Urlaub-Hotel-Spa-Suites-VITUS-Steyr-4-inkl-1x-Dinner/402619405260?hash=item5dbdfc93cc:g:DX0AAOSwzcdf4kF9
3 Tage Weekend Special Urlaub Hotel & Spa Suites VITUS Steyr 4* inkl. 1x Dinner,"Noch 20 Std (Freitag, 14:40)","EUR 134,00",https://www.ebay.at/itm/3-Tage-Weekend-Special-Urlaub-Hotel-Spa-Suites-VITUS-Steyr-4-inkl-1x-Dinner/402614205754?hash=item5dbdad3d3a:g:TWwAAOSweiZf3H0E
3 Tage Kurzreise Hotel Landgut Althof Retz 4* Weinviertel Wellness Urlaub,"Noch 8 Std (Freitag, 3:13)","EUR 160,00",https://www.ebay.at/itm/3-Tage-Kurzreise-Hotel-Landgut-Althof-Retz-4-Weinviertel-Wellness-Urlaub/402613556247?hash=item5dbda35417:g:12QAAOSw~Vhf29s5
5 Tage Wellness Genuss Reise Hotel Das Alpenhaus Kaprun 4* Urlaub inkl. HP,"Noch 4T 7Std (Dienstag, 2:09)","EUR 392,00",https://www.ebay.at/itm/5-Tage-Wellness-Genuss-Reise-Hotel-Das-Alpenhaus-Kaprun-4-Urlaub-inkl-HP/383869509649?hash=item596067e011:g:DVoAAOSw49tf4RM0
3 Tage Wellness Kurzurlaub Boutique Hotel Erla 4* Stubenbergsee Steiermark Reise,"Noch 3 T (Sonntag, 18:58)","EUR 20,50",https://www.ebay.at/itm/3-Tage-Wellness-Kurzurlaub-Boutique-Hotel-Erla-4-Stubenbergsee-Steiermark-Reise/402618910150?hash=item5dbdf505c6:g:EkcAAOSwO7Jf4anJ
3 Tage Kurzurlaub Hotel Das Alpenhaus Gasteinertal 4* inkl. HP Wellness Reise,"Noch 6T 3Std (Mittwoch, 22:17)","EUR 156,00",https://www.ebay.at/itm/3-Tage-Kurzurlaub-Hotel-Das-Alpenhaus-Gasteinertal-4-inkl-HP-Wellness-Reise/383872656844?hash=item596097e5cc:g:ERsAAOSw8QRf434B
5 Tage Urlaub Hotel Das Alpenhaus Gasteinertal 4* inkl. HP Wellness Reise,"Noch 6 Std (Freitag, 1:08)","EUR 424,00",https://www.ebay.at/itm/5-Tage-Urlaub-Hotel-Das-Alpenhaus-Gasteinertal-4-inkl-HP-Wellness-Reise/402613456999?hash=item5dbda1d067:g:t2sAAOSwTzpf278e
5 Tage Wellness Urlaub Hotel Sonneck 4* Kössen Kaiserwinkl Tirol inkl. HP Reise,"Noch 5T 5Std (Mittwoch, 0:01)","EUR 101,00",https://www.ebay.at/itm/5-Tage-Wellness-Urlaub-Hotel-Sonneck-4-Kossen-Kaiserwinkl-Tirol-inkl-HP-Reise/383871023441?hash=item59607ef951:g:w3YAAOSwTC5f4kiJ
4 Tage Urlaub Zell am See 3* Hotel Grüner Baum inkl. HP Wandern Biking Golf,"Noch 4T 3Std (Montag, 22:27)","EUR 193,90",https://www.ebay.at/itm/4-Tage-Urlaub-Zell-am-See-3-Hotel-Gruner-Baum-inkl-HP-Wandern-Biking-Golf/313353000920?hash=item48f54b57d8:g:pScAAOSwgPtf4OHk
5 Tage Urlaub Hotel Das Alpenhaus Gasteinertal 4* inkl. HP Wellness Reise,"Noch 3T 6Std (Montag, 1:08)","EUR 334,00",https://www.ebay.at/itm/5-Tage-Urlaub-Hotel-Das-Alpenhaus-Gasteinertal-4-inkl-HP-Wellness-Reise/402617115826?hash=item5dbdd9a4b2:g:misAAOSwkUJf37Ou
3 Tage Wellness Urlaub Vamed Hotel Spa Resort Styria 4*S inkl HP Bad Waltersdorf,"Noch 2T 4Std (Samstag, 23:22)","EUR 321,00",https://www.ebay.at/itm/3-Tage-Wellness-Urlaub-Vamed-Hotel-Spa-Resort-Styria-4-S-inkl-HP-Bad-Waltersdorf/313350703462?hash=item48f5284966:g:CF8AAOSwQ4Zf3kXu
4 Tage Wandern Ski Reise Hotel Neuwirt 4* Urlaub Ramsau am Dachstein inkl. HP,Noch 2 Std (Heute 20:53),"EUR 256,00",https://www.ebay.at/itm/4-Tage-Wandern-Ski-Reise-Hotel-Neuwirt-4-Urlaub-Ramsau-am-Dachstein-inkl-HP/383863063592?hash=item5960058428:g:F6MAAOSwYHFf23~A
6 Tage Luxus Urlaub Hotel President Terme 5* Wellness Golf Abano Therme Venetien,"Noch 3T 6Std (Montag, 1:04)","EUR 456,00",https://www.ebay.at/itm/6-Tage-Luxus-Urlaub-Hotel-President-Terme-5-Wellness-Golf-Abano-Therme-Venetien/402617115857?hash=item5dbdd9a4d1:g:EHMAAOSwlWNf37Oy
3 Tage Wellness Urlaub Hotel Leitner 4* Therme Loipersdorf Steiermark inkl. HP,"Noch 4T 5Std (Dienstag, 0:20)","EUR 56,00",https://www.ebay.at/itm/3-Tage-Wellness-Urlaub-Hotel-Leitner-4-Therme-Loipersdorf-Steiermark-inkl-HP/383869356108?hash=item596065884c:g:WfYAAOSwOc5f4PcV
5 Tage Urlaub Ungarn Palace Hotel Heviz 4* Wellness Erholung Kurzreise,"Noch 2T 6Std (Sonntag, 0:57)","EUR 115,00",https://www.ebay.at/itm/5-Tage-Urlaub-Ungarn-Palace-Hotel-Heviz-4-Wellness-Erholung-Kurzreise/383866570556?hash=item59603b073c:g:Kz8AAOSwNM1f3mIk
4 Tage Kurzurlaub Hotel DAS SONNREICH 4* Wellness Genuss Reise Loipersdorf HP,"Noch 4T 7Std (Dienstag, 1:43)","EUR 130,00",https://www.ebay.at/itm/4-Tage-Kurzurlaub-Hotel-DAS-SONNREICH-4-Wellness-Genuss-Reise-Loipersdorf-HP/313353200404?hash=item48f54e6314:g:XEUAAOSw4h1f4Qw6
3 Tage Wellness Urlaub Romantik Hotel Im Weissen Rössl 4*S Wolfgangsee inkl. HP,"Noch 3T 5Std (Montag, 0:12)","EUR 303,00",https://www.ebay.at/itm/3-Tage-Wellness-Urlaub-Romantik-Hotel-Im-Weissen-Rossl-4-S-Wolfgangsee-inkl-HP/313351876371?hash=item48f53a2f13:g:9cUAAOSwNDVf36Ws
3 Tage Erholung Urlaub 3* Hotel Traunstein inkl. HP Altmünster Salzkammergut,"Noch 5T 2Std (Dienstag, 20:42)","EUR 70,00",https://www.ebay.at/itm/3-Tage-Erholung-Urlaub-3-Hotel-Traunstein-inkl-HP-Altmunster-Salzkammergut/313354230054?hash=item48f55e1926:g:V6kAAOSwYWBf4hdv
5 Tage Erholung Urlaub Mountain Lake Hotel Vernagt 4* inkl. HP Schnals Südtirol,"Noch 1T 1Std (Freitag, 20:13)","EUR 177,00",https://www.ebay.at/itm/5-Tage-Erholung-Urlaub-Mountain-Lake-Hotel-Vernagt-4-inkl-HP-Schnals-Sudtirol/383864725127?hash=item59601ede87:g:t9sAAOSwQOdf3Mpq
4 Tage Wellness Kurzurlaub Hotel Sonneck 4* Kössen Kaiserwinkl Tirol inkl. HP,"Noch 3T 2Std (Sonntag, 21:32)","EUR 117,00",https://www.ebay.at/itm/4-Tage-Wellness-Kurzurlaub-Hotel-Sonneck-4-Kossen-Kaiserwinkl-Tirol-inkl-HP/402616891967?hash=item5dbdd63a3f:g:rYYAAOSwcRlf34JZ
3 Tage Wellness Urlaub Hotel Leitner 4* Therme Loipersdorf Steiermark inkl. HP,"Noch 2T 5Std (Sonntag, 0:20)","EUR 250,00",https://www.ebay.at/itm/3-Tage-Wellness-Urlaub-Hotel-Leitner-4-Therme-Loipersdorf-Steiermark-inkl-HP/402615903613?hash=item5dbdc7257d:g:~6YAAOSwFe1f3lQp
5 Tage Wellness Thermen Golf Urlaub Vitalhotel Strobl 4* Burgenland Reise,"Noch 6T 5Std (Mittwoch, 23:55)","EUR 12,50",https://www.ebay.at/itm/5-Tage-Wellness-Thermen-Golf-Urlaub-Vitalhotel-Strobl-4-Burgenland-Reise/313355775514?hash=item48f575ae1a:g:CmUAAOSwluVf45Mf
3 Tage 4*S Alpine Lifestyle Hotel Das Kronthaler Wellness Urlaub All Inclusive,"Noch 2T 3Std (Samstag, 22:01)","EUR 403,00",https://www.ebay.at/itm/3-Tage-4-S-Alpine-Lifestyle-Hotel-Das-Kronthaler-Wellness-Urlaub-All-Inclusive/313350643463?hash=item48f5275f07:g:wtgAAOSwO6Bf3jfr
5 Tage Wellness Thermen Golf Urlaub Vitalhotel Strobl 4* Burgenland Reise,"Noch 2T 5Std (Samstag, 23:55)","EUR 131,00",https://www.ebay.at/itm/5-Tage-Wellness-Thermen-Golf-Urlaub-Vitalhotel-Strobl-4-Burgenland-Reise/383866474103?hash=item5960398e77:g:iD8AAOSwNDNf3k0g
5 Tage Wellness Genuss Reise Hotel Das Alpenhaus Kaprun 4* Urlaub inkl. HP,"Noch 3T 7Std (Montag, 2:09)","EUR 340,00",https://www.ebay.at/itm/5-Tage-Wellness-Genuss-Reise-Hotel-Das-Alpenhaus-Kaprun-4-Urlaub-inkl-HP/313351995020?hash=item48f53bfe8c:g:eoMAAOSw1eZf38GY
3 Tage Wörthersee Kurzurlaub my lake hotel & spa 4* Pörtschach Kärnten Erholung,"Noch 2T 6Std (Sonntag, 1:27)","EUR 167,00",https://www.ebay.at/itm/3-Tage-Worthersee-Kurzurlaub-my-lake-hotel-spa-4-Portschach-Karnten-Erholung/383866605712?hash=item59603b9090:g:kmsAAOSwdstf3mkc
4 Tage Wandern Urlaub Sundance Mountain Resort 4* Turracher Höhe Steiermark,"Noch 6T 4Std (Mittwoch, 23:30)","EUR 89,00",https://www.ebay.at/itm/4-Tage-Wandern-Urlaub-Sundance-Mountain-Resort-4-Turracher-Hohe-Steiermark/383872823818?hash=item59609a720a:g:dkAAAOSwzVdf45Mi
3 Tage Urlaub 4* Landhotel Postgut Lungau Salzburger Land Kurzreise inkl. HP,"Noch 6T 5Std (Donnerstag, 0:32)","EUR 9,50",https://www.ebay.at/itm/3-Tage-Urlaub-4-Landhotel-Postgut-Lungau-Salzburger-Land-Kurzreise-inkl-HP/402620628855?hash=item5dbe0f3f77:g:iosAAOSwwyVf46El
6 Tage 4* Hotel Olympia Therme Wellness Urlaub Montegrotto Abano Italien inkl HP,"Noch 4T 6Std (Dienstag, 1:03)","EUR 251,00",https://www.ebay.at/itm/6-Tage-4-Hotel-Olympia-Therme-Wellness-Urlaub-Montegrotto-Abano-Italien-inkl-HP/383869434804?hash=item596066bbb4:g:zp0AAOSwE3Bf4QVB
4 Tage Erholung Urlaub Hotel Aquamarin 3* Bad Mitterndorf Tauplitz Steiermark,"Noch 1T 4Std (Freitag, 23:01)","EUR 59,00",https://www.ebay.at/itm/4-Tage-Erholung-Urlaub-Hotel-Aquamarin-3-Bad-Mitterndorf-Tauplitz-Steiermark/402614637670?hash=item5dbdb3d466:g:Rb8AAOSwB4Zf3PSM
4 Tage Urlaub Hotel DAS SONNREICH 4* Wellness EXKL. Eintritt Therme Loipersdorf,"Noch 1T 8Std (Samstag, 3:36)","EUR 102,00",https://www.ebay.at/itm/4-Tage-Urlaub-Hotel-DAS-SONNREICH-4-Wellness-EXKL-Eintritt-Therme-Loipersdorf/313349689991?hash=item48f518d287:g:yyYAAOSwNDVf3TPR
5 Tage Wandern Ski Reise Hotel Neuwirt 4* Urlaub Ramsau am Dachstein inkl. HP,"Noch 3T 4Std (Sonntag, 23:20)","EUR 312,11",https://www.ebay.at/itm/5-Tage-Wandern-Ski-Reise-Hotel-Neuwirt-4-Urlaub-Ramsau-am-Dachstein-inkl-HP/383867814838?hash=item59604e03b6:g:zA0AAOSw0FRf35dx
5 Tage 4*S Alpine Lifestyle Hotel Das Kronthaler Wellness Urlaub All Inclusive,"Noch 4T 20Std (Dienstag, 14:42)","EUR 806,00",https://www.ebay.at/itm/5-Tage-4-S-Alpine-Lifestyle-Hotel-Das-Kronthaler-Wellness-Urlaub-All-Inclusive/402618996833?hash=item5dbdf65861:g:cJgAAOSwAjVf4cML
Weekend Special Kurzreise Hotel Christkindlwirt 4* 3 Tage Urlaub in Steyr,"Noch 4T 4Std (Montag, 22:57)","EUR 100,00",https://www.ebay.at/itm/Weekend-Special-Kurzreise-Hotel-Christkindlwirt-4-3-Tage-Urlaub-in-Steyr/383869282517?hash=item59606468d5:g:Hq4AAOSwczxf4OkV
3 Tage Wellness Genuss Kurzreise Hotel Das Alpenhaus Kaprun 4* Urlaub inkl. HP,"Noch 19 Std (Freitag, 14:05)","EUR 201,00",https://www.ebay.at/itm/3-Tage-Wellness-Genuss-Kurzreise-Hotel-Das-Alpenhaus-Kaprun-4-Urlaub-inkl-HP/383864313574?hash=item59601896e6:g:WZ8AAOSwX2pf3HXh
4 Tage Familienurlaub Kinderhotel Benjamin 3* inkl. VP Malta Kärnten Reise,"Noch 1T 19Std (Samstag, 14:30)","EUR 100,99",https://www.ebay.at/itm/4-Tage-Familienurlaub-Kinderhotel-Benjamin-3-inkl-VP-Malta-Karnten-Reise/383865861204?hash=item5960303454:g:Ef4AAOSwMJZf3c6O
3 Tage Kurzurlaub Hotel DAS SONNREICH 4* Wellness Genuss Reise Loipersdorf HP,"Noch 3T 3Std (Sonntag, 21:50)","EUR 250,00",https://www.ebay.at/itm/3-Tage-Kurzurlaub-Hotel-DAS-SONNREICH-4-Wellness-Genuss-Reise-Loipersdorf-HP/402616891914?hash=item5dbdd63a0a:g:y-gAAOSwutVf34JW
3 Tage Kurzreise Erholung Biking Parkhotel zur Klause 4* Bad Hall Urlaub,"Noch 4T 8Std (Dienstag, 3:23)","EUR 63,00",https://www.ebay.at/itm/3-Tage-Kurzreise-Erholung-Biking-Parkhotel-zur-Klause-4-Bad-Hall-Urlaub/383877628929?hash=item5960e3c401:g:lnIAAOSwSHhf6FqN
3 Tage Wellness Thermen Golf Urlaub Vitalhotel Strobl 4* Burgenland Kurzreise,"Noch 4T 6Std (Dienstag, 0:39)","EUR 53,00",https://www.ebay.at/itm/3-Tage-Wellness-Thermen-Golf-Urlaub-Vitalhotel-Strobl-4-Burgenland-Kurzreise/402618296980?hash=item5dbdebaa94:g:UQsAAOSwpE5f4P4L
3 Tage Wellness Urlaub Hotel Stoiser 4*S Kurzreise Loipersdorf Steiermark,"Noch 5T 5Std (Mittwoch, 0:28)","EUR 221,00",https://www.ebay.at/itm/3-Tage-Wellness-Urlaub-Hotel-Stoiser-4-S-Kurzreise-Loipersdorf-Steiermark/313354506449?hash=item48f56250d1:g:noQAAOSwWZZf4k~A
3 Tage Wellness Thermen Urlaub Hotel Rogner Bad Blumau 4* inkl. HP Steiermark,"Noch 5T 6Std (Mittwoch, 0:55)","EUR 399,00",https://www.ebay.at/itm/3-Tage-Wellness-Thermen-Urlaub-Hotel-Rogner-Bad-Blumau-4-inkl-HP-Steiermark/402619475377?hash=item5dbdfda5b1:g:mmAAAOSw9wVf4k-8
3 Tage Weekend Special Urlaub Hotel & Spa Suites VITUS Steyr 4* inkl. 1x Dinner,"Noch 3T 5Std (Sonntag, 23:52)","EUR 121,00",https://www.ebay.at/itm/3-Tage-Weekend-Special-Urlaub-Hotel-Spa-Suites-VITUS-Steyr-4-inkl-1x-Dinner/402616997885?hash=item5dbdd7d7fd:g:-pAAAOSwN5Jf356y
5 Tage Wellness Urlaub Hotel Kolmhof 4* Wandern Millstätter See Reise inkl. HP,"Noch 4T 6Std (Dienstag, 0:46)","EUR 228,00",https://www.ebay.at/itm/5-Tage-Wellness-Urlaub-Hotel-Kolmhof-4-Wandern-Millstatter-See-Reise-inkl-HP/402618297064?hash=item5dbdebaae8:g:M0IAAOSw7mlf4P4Q
3 Tage Kurzurlaub Hotel DAS SONNREICH 4* Wellness Genuss Reise Loipersdorf HP,"Noch 5T 3Std (Dienstag, 21:50)","EUR 223,00",https://www.ebay.at/itm/3-Tage-Kurzurlaub-Hotel-DAS-SONNREICH-4-Wellness-Genuss-Reise-Loipersdorf-HP/313354310206?hash=item48f55f523e:g:gsUAAOSwJG5f4iVk
3 Tage Wellness Urlaub Vamed Hotel Spa Resort Styria 4*S inkl HP Bad Waltersdorf,"Noch 5T 4Std (Dienstag, 23:22)","EUR 245,00",https://www.ebay.at/itm/3-Tage-Wellness-Urlaub-Vamed-Hotel-Spa-Resort-Styria-4-S-inkl-HP-Bad-Waltersdorf/313354422032?hash=item48f5610710:g:7B8AAOSwk8pf4jqE
3 Tage Kurzurlaub Hotel Das Alpenhaus Gasteinertal 4* inkl. HP Wellness Reise,"Noch 1T 3Std (Freitag, 22:17)","EUR 160,00",https://www.ebay.at/itm/3-Tage-Kurzurlaub-Hotel-Das-Alpenhaus-Gasteinertal-4-inkl-HP-Wellness-Reise/313349311036?hash=item48f5130a3c:g:ZuYAAOSwIHhf3OZf
3 Tage Kurzreise Hotel Landgut Althof Retz 4* Weinviertel Wellness Urlaub,"Noch 4T 5Std (Dienstag, 0:34)","EUR 161,00",https://www.ebay.at/itm/3-Tage-Kurzreise-Hotel-Landgut-Althof-Retz-4-Weinviertel-Wellness-Urlaub/402618297031?hash=item5dbdebaac7:g:hgAAAOSwZ05f4P4N
3 Tage Thermen & Berge Deluxe Reise AQUA DOME 4*sup Wellness Urlaub Ötztal Tirol,"Noch 3T 7Std (Montag, 1:53)","EUR 400,00",https://www.ebay.at/itm/3-Tage-Thermen-Berge-Deluxe-Reise-AQUA-DOME-4-sup-Wellness-Urlaub-Otztal-Tirol/402617137364?hash=item5dbdd9f8d4:g:M~wAAOSwGYZf37qo
3 Tage Wellness Genuss Kurzreise Hotel Das Alpenhaus Kaprun 4* Urlaub inkl. HP,"Noch 5T 6Std (Mittwoch, 0:49)","EUR 100,00",https://www.ebay.at/itm/3-Tage-Wellness-Genuss-Kurzreise-Hotel-Das-Alpenhaus-Kaprun-4-Urlaub-inkl-HP/313354505694?hash=item48f5624dde:g:0-YAAOSwmtFf4k-5
4 Tage 4* Wellness Erholung Urlaub Hotel Allmer Bad Gleichenberg Steiermark,"Noch 3T 5Std (Sonntag, 23:56)","EUR 289,00",https://www.ebay.at/itm/4-Tage-4-Wellness-Erholung-Urlaub-Hotel-Allmer-Bad-Gleichenberg-Steiermark/383867852001?hash=item59604e94e1:g:3HgAAOSwwY1f356t
3 Tage Urlaub Hotel DAS SONNREICH 4* Wellness EXKL. Eintritt Therme Loipersdorf,"Noch 4T 2Std (Montag, 21:28)","EUR 99,00",https://www.ebay.at/itm/3-Tage-Urlaub-Hotel-DAS-SONNREICH-4-Wellness-EXKL-Eintritt-Therme-Loipersdorf/402618157238?hash=item5dbde988b6:g:TeQAAOSwcbpf4NPv
6 Tage 4* Hotel Olympia Therme Wellness Urlaub Montegrotto Abano Italien inkl HP,"Noch 2T 6Std (Sonntag, 1:03)","EUR 258,00",https://www.ebay.at/itm/6-Tage-4-Hotel-Olympia-Therme-Wellness-Urlaub-Montegrotto-Abano-Italien-inkl-HP/313350820013?hash=item48f52a10ad:g:OkkAAOSwa9Nf3mIi
5 Tage 4*S Alpine Lifestyle Hotel Das Kronthaler Wellness Urlaub All Inclusive,"Noch 20 Std (Freitag, 14:42)","EUR 802,22",https://www.ebay.at/itm/5-Tage-4-S-Alpine-Lifestyle-Hotel-Das-Kronthaler-Wellness-Urlaub-All-Inclusive/402614205731?hash=item5dbdad3d23:g:9zkAAOSwvthf3H0B
2 Tage Urlaub Hotel DAS SONNREICH 4* Wellness EXKL. Eintritt Therme Loipersdorf,"Noch 4T 19Std (Dienstag, 14:35)","EUR 24,00",https://www.ebay.at/itm/2-Tage-Urlaub-Hotel-DAS-SONNREICH-4-Wellness-EXKL-Eintritt-Therme-Loipersdorf/402618996858?hash=item5dbdf6587a:g:HxEAAOSwm0tf4cMN
3 Tage Wellness Reise Quellenhotel Heiltherme Bad Waltersdorf 4* Urlaub inkl. HP,"Noch 1T 6Std (Samstag, 1:22)","EUR 441,00",https://www.ebay.at/itm/3-Tage-Wellness-Reise-Quellenhotel-Heiltherme-Bad-Waltersdorf-4-Urlaub-inkl-HP/402614747624?hash=item5dbdb581e8:g:9LUAAOSwN4Zf3RCv
4 Tage Wellness Kurzurlaub Hotel Sonneck 4* Kössen Kaiserwinkl Tirol inkl. HP,"Noch 1T 2Std (Freitag, 21:32)","EUR 120,00",https://www.ebay.at/itm/4-Tage-Wellness-Kurzurlaub-Hotel-Sonneck-4-Kossen-Kaiserwinkl-Tirol-inkl-HP/402614577438?hash=item5dbdb2e91e:g:OwwAAOSwZq9f3N9j
4 Tage Reise inkl. HP 4* Hotel Berghof Söll Tirol Urlaub Wellness Wandern Ski,"Noch 3 T (Sonntag, 19:35)","EUR 156,00",https://www.ebay.at/itm/4-Tage-Reise-inkl-HP-4-Hotel-Berghof-Soll-Tirol-Urlaub-Wellness-Wandern-Ski/402616784924?hash=item5dbdd4981c:g:49kAAOSwIK5f32ZO
4 Tage Urlaub Hotel Belvedere 3*S Gardasee Manerba del Garda Italien Biking Golf,"Noch 2T 5Std (Sonntag, 0:09)","EUR 101,00",https://www.ebay.at/itm/4-Tage-Urlaub-Hotel-Belvedere-3-S-Gardasee-Manerba-del-Garda-Italien-Biking-Golf/313350750836?hash=item48f5290274:g:oP8AAOSw97df3lQl
4 Tage 4* Hotel Piroska Wellness Erholung Urlaub Bük inkl. HP Ungarn Reise,"Noch 6T 7Std (Donnerstag, 2:06)","EUR 10,50",https://www.ebay.at/itm/4-Tage-4-Hotel-Piroska-Wellness-Erholung-Urlaub-Buk-inkl-HP-Ungarn-Reise/313355954782?hash=item48f5786a5e:g:q1kAAOSwbgVf47ZP
4 Tage Urlaub Erholung Bad Schallerbach Landidyll Hotel Grünes Türl inkl. HP,"Noch 5T 5Std (Dienstag, 23:43)","EUR 98,00",https://www.ebay.at/itm/4-Tage-Urlaub-Erholung-Bad-Schallerbach-Landidyll-Hotel-Grunes-Turl-inkl-HP/383870981786?hash=item59607e569a:g:2HkAAOSwal1f4kF7
4 Tage Aktiv Urlaub Aigen im Ennstal Landhotel Gut Puttererseehof 3* Steiermark,"Noch 1T 4Std (Freitag, 23:23)","EUR 82,00",https://www.ebay.at/itm/4-Tage-Aktiv-Urlaub-Aigen-im-Ennstal-Landhotel-Gut-Puttererseehof-3-Steiermark/383864946429?hash=item5960223efd:g:9vIAAOSwRIJf3PSL
Weekend Special Kurzreise Hotel Christkindlwirt 4* 3 Tage Urlaub in Steyr,"Noch 6T 4Std (Mittwoch, 22:57)","EUR 23,50",https://www.ebay.at/itm/Weekend-Special-Kurzreise-Hotel-Christkindlwirt-4-3-Tage-Urlaub-in-Steyr/313355741348?hash=item48f57528a4:g:sYEAAOSwjVtf44vw
3 Tage Urlaub Hotel Mjus World 4*S inkl. HP Wellness Therme Reise Ungarn Körmend,"Noch 1T 23Std (Samstag, 18:06)","EUR 111,00",https://www.ebay.at/itm/3-Tage-Urlaub-Hotel-Mjus-World-4-S-inkl-HP-Wellness-Therme-Reise-Ungarn-Kormend/402615588954?hash=item5dbdc2585a:g:fCcAAOSwO7Jf3f-u
3 Tage Wellness Thermen Golf Urlaub Vitalhotel Strobl 4* Burgenland Kurzreise,"Noch 2T 22Std (Sonntag, 16:56)","EUR 72,00",https://www.ebay.at/itm/3-Tage-Wellness-Thermen-Golf-Urlaub-Vitalhotel-Strobl-4-Burgenland-Kurzreise/402616679913?hash=item5dbdd2fde9:g:J3EAAOSwObdf30M9
4 Tage Urlaub am Bauernhof Familie Unger Erholung Relax Kurzreise Steiermark HP,Noch 1 Std (Heute 20:12),"EUR 138,00",https://www.ebay.at/itm/4-Tage-Urlaub-am-Bauernhof-Familie-Unger-Erholung-Relax-Kurzreise-Steiermark-HP/383863028552?hash=item596004fb48:g:irIAAOSwoShf23jI
4 Tage Wandern Urlaub Sundance Mountain Resort 4* Turracher Höhe Steiermark,"Noch 3T 4Std (Sonntag, 23:30)","EUR 121,00",https://www.ebay.at/itm/4-Tage-Wandern-Urlaub-Sundance-Mountain-Resort-4-Turracher-Hohe-Steiermark/402616997806?hash=item5dbdd7d7ae:g:i1cAAOSwE3Rf356o
4 Tage 4* Hotel Piroska Wellness Erholung Urlaub Bük inkl. HP Ungarn Reise,"Noch 3T 7Std (Montag, 2:06)","EUR 39,50",https://www.ebay.at/itm/4-Tage-4-Hotel-Piroska-Wellness-Erholung-Urlaub-Buk-inkl-HP-Ungarn-Reise/313351995049?hash=item48f53bfea9:g:~csAAOSwLttf38Gc
5 Tage Urlaub Hotel Mjus World 4*S inkl. HP Wellness Therme Reise Ungarn Körmend,"Noch 6T 6Std (Donnerstag, 1:30)","EUR 11,50",https://www.ebay.at/itm/5-Tage-Urlaub-Hotel-Mjus-World-4-S-inkl-HP-Wellness-Therme-Reise-Ungarn-Kormend/402620686462?hash=item5dbe10207e:g:pMgAAOSwbgVf468g
3 Tage 4*S Alpine Lifestyle Hotel Das Kronthaler Wellness Urlaub All Inclusive,"Noch 4T 3Std (Montag, 22:01)","EUR 392,00",https://www.ebay.at/itm/3-Tage-4-S-Alpine-Lifestyle-Hotel-Das-Kronthaler-Wellness-Urlaub-All-Inclusive/402618181368?hash=item5dbde9e6f8:g:trcAAOSwmGNf4Nrs
3 Tage Wellness Urlaub Romantik Hotel Im Weissen Rössl 4*S Wolfgangsee inkl. HP,"Noch 5T 5Std (Mittwoch, 0:12)","EUR 226,00",https://www.ebay.at/itm/3-Tage-Wellness-Urlaub-Romantik-Hotel-Im-Weissen-Rossl-4-S-Wolfgangsee-inkl-HP/313354471492?hash=item48f561c844:g:elcAAOSwaFBf4kiD
5 Tage Erholung Urlaub 3* Pension Hottererhof Gerlos Zillertal Tirol Wandern,"Noch 3T 3Std (Sonntag, 22:13)","EUR 99,00",https://www.ebay.at/itm/5-Tage-Erholung-Urlaub-3-Pension-Hottererhof-Gerlos-Zillertal-Tirol-Wandern/402616918074?hash=item5dbdd6a03a:g:Pl4AAOSwt2df34mI
2 Tage Urlaub Hotel DAS SONNREICH 4* Wellness EXKL. Eintritt Therme Loipersdorf,"Noch 2T 19Std (Sonntag, 14:35)","EUR 20,50",https://www.ebay.at/itm/2-Tage-Urlaub-Hotel-DAS-SONNREICH-4-Wellness-EXKL-Eintritt-Therme-Loipersdorf/313351406376?hash=item48f5330328:g:c1EAAOSwNDVf3yAM
5 Tage Wellness Golf Erholung Urlaub 5* Grandhotel Lienz Osttirol Reise,"Noch 2T 6Std (Sonntag, 1:32)","EUR 461,00",https://www.ebay.at/itm/5-Tage-Wellness-Golf-Erholung-Urlaub-5-Grandhotel-Lienz-Osttirol-Reise/313350892052?hash=item48f52b2a14:g:ls8AAOSwgPtf3nc5
3 Tage Städtereise Mystery Hotel Budapest 5* Sightseeing Kurzurlaub Ungarn,"Noch 3T 5Std (Montag, 0:03)","EUR 57,00",https://www.ebay.at/itm/3-Tage-Stadtereise-Mystery-Hotel-Budapest-5-Sightseeing-Kurzurlaub-Ungarn/402617034892?hash=item5dbdd8688c:g:IOkAAOSwNhNf36Wz
3 Tage Wellness Urlaub Romantik Hotel Im Weissen Rössl 4*S Wolfgangsee inkl. HP,"Noch 1T 5Std (Samstag, 0:12)","EUR 385,44",https://www.ebay.at/itm/3-Tage-Wellness-Urlaub-Romantik-Hotel-Im-Weissen-Rossl-4-S-Wolfgangsee-inkl-HP/313349447926?hash=item48f51520f6:g:E78AAOSw8Oxf3QKF
3 Tage Erholung Urlaub Hotel Gasthof Perschler Fohnsdorf Steiermark Kurzreise,Noch 4 Std (Heute 23:16),"EUR 62,00",https://www.ebay.at/itm/3-Tage-Erholung-Urlaub-Hotel-Gasthof-Perschler-Fohnsdorf-Steiermark-Kurzreise/383863387299?hash=item59600a74a3:g:U8kAAOSwnRpf26Ly
4 Tage Erholung Urlaub Hotel Gasthof Perschler Fohnsdorf Steiermark Kurzreise,"Noch 3T 7Std (Montag, 1:58)","EUR 25,50",https://www.ebay.at/itm/4-Tage-Erholung-Urlaub-Hotel-Gasthof-Perschler-Fohnsdorf-Steiermark-Kurzreise/383868028333?hash=item59605145ad:g:l78AAOSwmL9f38Ga
5 Tage Urlaub Ungarn Palace Hotel Heviz 4* Wellness Erholung Kurzreise,"Noch 5T 6Std (Mittwoch, 0:57)","EUR 20,83",https://www.ebay.at/itm/5-Tage-Urlaub-Ungarn-Palace-Hotel-Heviz-4-Wellness-Erholung-Kurzreise/313354557382?hash=item48f56317c6:g:Q9QAAOSwSRlf4laz
4 Tage 4* Hotel Piroska Wellness Erholung Urlaub Bük inkl. HP Ungarn Reise,"Noch 7 Std (Freitag, 2:06)","EUR 101,00",https://www.ebay.at/itm/4-Tage-4-Hotel-Piroska-Wellness-Erholung-Urlaub-Buk-inkl-HP-Ungarn-Reise/313348001911?hash=item48f4ff1077:g:~CIAAOSwUjxf281K
4 Tage Wellness Urlaub Hotel zur Post Döbriach 3*S Millstätter See Kärnten HP,"Noch 3T 20Std (Montag, 14:48)","EUR 67,66",https://www.ebay.at/itm/4-Tage-Wellness-Urlaub-Hotel-zur-Post-Dobriach-3-S-Millstatter-See-Karnten-HP/313352523917?hash=item48f544108d:g:bi8AAOSwOopf4HFr
3 Tage Kurzreise Hotel Landgut Althof Retz 4* Weinviertel Wellness Urlaub,"Noch 6T 5Std (Donnerstag, 0:34)","EUR 9,50",https://www.ebay.at/itm/3-Tage-Kurzreise-Hotel-Landgut-Althof-Retz-4-Weinviertel-Wellness-Urlaub/402620628627?hash=item5dbe0f3e93:g:oPEAAOSw9BBf46EZ
3 Tage Wandern Kurzurlaub Sundance Mountain Resort 4* Turracher Höhe Steiermark,"Noch 2T 7Std (Sonntag, 2:21)","EUR 70,00",https://www.ebay.at/itm/3-Tage-Wandern-Kurzurlaub-Sundance-Mountain-Resort-4-Turracher-Hohe-Steiermark/402616011420?hash=item5dbdc8ca9c:g:QuYAAOSwGYZf3nBT
3 Tage Wellness Genuss Kurzreise Hotel Das Alpenhaus Kaprun 4* Urlaub inkl. HP,"Noch 2T 6Std (Sonntag, 0:49)","EUR 199,00",https://www.ebay.at/itm/3-Tage-Wellness-Genuss-Kurzreise-Hotel-Das-Alpenhaus-Kaprun-4-Urlaub-inkl-HP/383866538391?hash=item59603a8997:g:8ugAAOSw9wVf3lsm
6 Tage Luxus Urlaub Hotel President Terme 5* Wellness Golf Abano Therme Venetien,"Noch 6 Std (Freitag, 1:04)","EUR 695,00",https://www.ebay.at/itm/6-Tage-Luxus-Urlaub-Hotel-President-Terme-5-Wellness-Golf-Abano-Therme-Venetien/313347929570?hash=item48f4fdf5e2:g:XfsAAOSwutVf278h
3 Tage Wellness Bike Ski Urlaub Hotel Lammwirt 4* Salzburg Großarl Kurzreise,"Noch 2T 22Std (Sonntag, 16:46)","EUR 102,00",https://www.ebay.at/itm/3-Tage-Wellness-Bike-Ski-Urlaub-Hotel-Lammwirt-4-Salzburg-Grosarl-Kurzreise/383867382405?hash=item5960476a85:g:oLYAAOSw~pRf3zwD
2 Tage Urlaub Hotel DAS SONNREICH 4* Wellness EXKL. Eintritt Therme Loipersdorf,"Noch 1T 19Std (Samstag, 14:35)","EUR 31,50",https://www.ebay.at/itm/2-Tage-Urlaub-Hotel-DAS-SONNREICH-4-Wellness-EXKL-Eintritt-Therme-Loipersdorf/313350278406?hash=item48f521cd06:g:rEYAAOSwwD5f3c6K
3 Tage Wellness Kurzurlaub Genusshotel Riegersburg 4* inkl. HP Steiermark Reise,"Noch 1T 3Std (Freitag, 21:45)","EUR 257,90",https://www.ebay.at/itm/3-Tage-Wellness-Kurzurlaub-Genusshotel-Riegersburg-4-inkl-HP-Steiermark-Reise/313349222258?hash=item48f511af72:g:NXoAAOSwsbFf3N9e
Weekend Special Kurzreise Hotel Christkindlwirt 4* 3 Tage Urlaub in Steyr,"Noch 4T 20Std (Dienstag, 15:03)","EUR 105,00",https://www.ebay.at/itm/Weekend-Special-Kurzreise-Hotel-Christkindlwirt-4-3-Tage-Urlaub-in-Steyr/383870279381?hash=item5960739ed5:g:jlYAAOSwLHpf4cnp
3 Tage Wellness Thermen Golf Urlaub Vitalhotel Strobl 4* Burgenland Kurzreise,"Noch 6 Std (Freitag, 0:39)","EUR 89,00",https://www.ebay.at/itm/3-Tage-Wellness-Thermen-Golf-Urlaub-Vitalhotel-Strobl-4-Burgenland-Kurzreise/383863494963?hash=item59600c1933:g:Q2oAAOSwGAhf27gc
5 Tage Thermen & Berge Deluxe Reise AQUA DOME 4*sup Wellness Urlaub Ötztal Tirol,"Noch 2T 6Std (Sonntag, 0:44)","EUR 855,00",https://www.ebay.at/itm/5-Tage-Thermen-Berge-Deluxe-Reise-AQUA-DOME-4-sup-Wellness-Urlaub-Otztal-Tirol/313350775347?hash=item48f5296233:g:eY8AAOSwZzNf3lsi
3 Tage 4* Hotel Piroska Wellness Erholung Kurzurlaub Bük inkl. HP Ungarn Reise,"Noch 1T 4Std (Freitag, 23:02)","EUR 77,00",https://www.ebay.at/itm/3-Tage-4-Hotel-Piroska-Wellness-Erholung-Kurzurlaub-Buk-inkl-HP-Ungarn-Reise/402614637625?hash=item5dbdb3d439:g:~CoAAOSwRkNf3PSG
3 Tage Kurzreise Erholung Biking Parkhotel zur Klause 4* Bad Hall Urlaub,"Noch 2T 8Std (Sonntag, 3:23)","EUR 79,00",https://www.ebay.at/itm/3-Tage-Kurzreise-Erholung-Biking-Parkhotel-zur-Klause-4-Bad-Hall-Urlaub/313350914639?hash=item48f52b824f:g:yvoAAOSwlc1f3n5E
3 Tage Wellness Kurzurlaub Boutique Hotel Erla 4* Stubenbergsee Steiermark Reise,"Noch 4 T (Montag, 18:58)","EUR 14,50",https://www.ebay.at/itm/3-Tage-Wellness-Kurzurlaub-Boutique-Hotel-Erla-4-Stubenbergsee-Steiermark-Reise/313353764604?hash=item48f556fefc:g:ThwAAOSwuxJf4anN
4 Tage 4*S Grand Hotel della Posta Wellness Urlaub Sondrio Lombardei Italien,"Noch 3T 2Std (Sonntag, 21:08)","EUR 47,50",https://www.ebay.at/itm/4-Tage-4-S-Grand-Hotel-della-Posta-Wellness-Urlaub-Sondrio-Lombardei-Italien/402616873185?hash=item5dbdd5f0e1:i:402616873185
6 Tage Urlaub Wellness Hotel Stubaier Hof 4* Fulpmes Stubaital Tirol inkl. HP,"Noch 5T 2Std (Dienstag, 20:46)","EUR 444,00",https://www.ebay.at/itm/6-Tage-Urlaub-Wellness-Hotel-Stubaier-Hof-4-Fulpmes-Stubaital-Tirol-inkl-HP/402619271473?hash=item5dbdfa8931:g:xAgAAOSw-JRf4hdr
3 Tage Wellness Kurzurlaub Hotel Sonneck 4* Kössen Kaiserwinkl Tirol inkl. HP,"Noch 1T 20Std (Samstag, 15:16)","EUR 98,00",https://www.ebay.at/itm/3-Tage-Wellness-Kurzurlaub-Hotel-Sonneck-4-Kossen-Kaiserwinkl-Tirol-inkl-HP/402615465238?hash=item5dbdc07516:g:SQUAAOSwNDFf3dWe
5 Tage Reise Hotel alle Piramidi 3* Wellness Urlaub Italien inkl 1x Abendessen,"Noch 6T 6Std (Donnerstag, 0:43)","EUR 9,50",https://www.ebay.at/itm/5-Tage-Reise-Hotel-alle-Piramidi-3-Wellness-Urlaub-Italien-inkl-1x-Abendessen/383872922285?hash=item59609bf2ad:g:jEkAAOSw6bVf46Ee
3 Tage Wellness Kurzurlaub Genuss Hotel Riegersburg 4* inkl. HP Steiermark Reise,"Noch 6T 3Std (Mittwoch, 21:45)","EUR 22,50",https://www.ebay.at/itm/3-Tage-Wellness-Kurzurlaub-Genuss-Hotel-Riegersburg-4-inkl-HP-Steiermark-Reise/383881470133?hash=item59611e60b5:g:OzEAAOSwl5hf7GMh
4 Tage Urlaub Erholung Bad Schallerbach Landidyll Hotel Grünes Türl inkl. HP,"Noch 6T 5Std (Mittwoch, 23:43)","EUR 10,50",https://www.ebay.at/itm/4-Tage-Urlaub-Erholung-Bad-Schallerbach-Landidyll-Hotel-Grunes-Turl-inkl-HP/402620573599?hash=item5dbe0e679f:g:HD0AAOSwIlhf45Mj
Weekend Special Kurzreise Hotel Christkindlwirt 4* 3 Tage Urlaub in Steyr,Noch 4 Std (Heute 22:57),"EUR 123,00",https://www.ebay.at/itm/Weekend-Special-Kurzreise-Hotel-Christkindlwirt-4-3-Tage-Urlaub-in-Steyr/313347785112?hash=item48f4fbc198:g:PiYAAOSwJWhf26Ls
6 Tage Strandurlaub auf Rügen Ostsee Hotel Baabe inkl. HP Reise Deutschland,"Noch 1T 21Std (Samstag, 15:47)","EUR 223,00",https://www.ebay.at/itm/6-Tage-Strandurlaub-auf-Rugen-Ostsee-Hotel-Baabe-inkl-HP-Reise-Deutschland/402615480436?hash=item5dbdc0b074:g:DgIAAOSwDr9f3dyZ
3 Tage Weekend Special Urlaub Hotel & Spa Suites VITUS Steyr 4* inkl. 1x Dinner,Noch 5 Std (Heute 23:52),"EUR 155,00",https://www.ebay.at/itm/3-Tage-Weekend-Special-Urlaub-Hotel-Spa-Suites-VITUS-Steyr-4-inkl-1x-Dinner/402613284728?hash=item5dbd9f2f78:g:7KgAAOSwLaVf26ok
6 Tage Wellness Urlaub Hotel Sonneck 4* Kössen Kaiserwinkl Tirol inkl. HP Reise,"Noch 2T 1Std (Samstag, 20:32)","EUR 256,00",https://www.ebay.at/itm/6-Tage-Wellness-Urlaub-Hotel-Sonneck-4-Kossen-Kaiserwinkl-Tirol-inkl-HP-Reise/313350562596?hash=item48f5262324:g:YYIAAOSw-wZf3iL1
4 Tage Urlaub Hotel DAS SONNREICH 4* Wellness EXKL. Eintritt Therme Loipersdorf,"Noch 6T 8Std (Donnerstag, 3:36)","EUR 112,00",https://www.ebay.at/itm/4-Tage-Urlaub-Hotel-DAS-SONNREICH-4-Wellness-EXKL-Eintritt-Therme-Loipersdorf/313356048814?hash=item48f579d9ae:g:B2MAAOSwlvpf48tJ
6 Tage Urlaub Park Hotel Marlena 4* Superior Meran Südtirol Wellness inkl. VP,"Noch 3 T (Sonntag, 18:51)","EUR 621,00",https://www.ebay.at/itm/6-Tage-Urlaub-Park-Hotel-Marlena-4-Superior-Meran-Sudtirol-Wellness-inkl-VP/313351565801?hash=item48f53571e9:g:kVwAAOSwTxhf31gl
6 Tage Reise inkl. HP 4* Hotel Berghof Söll Tirol Urlaub Wellness Wandern Ski,"Noch 1T 2Std (Freitag, 21:33)","EUR 350,99",https://www.ebay.at/itm/6-Tage-Reise-inkl-HP-4-Hotel-Berghof-Soll-Tirol-Urlaub-Wellness-Wandern-Ski/313349222670?hash=item48f511b10e:g:xScAAOSwq69f3N9h
3 Tage Romantik Urlaub Schloss Hotel Münichau bei Kitzbühel Tirol inkl 1x Dinner,"Noch 5 Std (Freitag, 0:24)","EUR 101,00",https://www.ebay.at/itm/3-Tage-Romantik-Urlaub-Schloss-Hotel-Munichau-bei-Kitzbuhel-Tirol-inkl-1x-Dinner/383863464310?hash=item59600ba176:g:fbAAAOSwE3Bf27Ei
4 Tage Reise inkl. HP 4* Hotel Berghof Söll Tirol Urlaub Wellness Wandern Ski,"Noch 5 T (Dienstag, 19:35)","EUR 102,00",https://www.ebay.at/itm/4-Tage-Reise-inkl-HP-4-Hotel-Berghof-Soll-Tirol-Urlaub-Wellness-Wandern-Ski/383870562950?hash=item596077f286:g:MwgAAOSwkDFf4gk~
5 Tage Urlaub Hotel DAS SONNREICH 4* Wellness EXKL. Eintritt Therme Loipersdorf,"Noch 4T 21Std (Dienstag, 16:18)","EUR 70,00",https://www.ebay.at/itm/5-Tage-Urlaub-Hotel-DAS-SONNREICH-4-Wellness-EXKL-Eintritt-Therme-Loipersdorf/383870337557?hash=item5960748215:g:9xUAAOSwlWNf4dgU
4 Tage Wandern Ski Reise Hotel Neuwirt 4* Urlaub Ramsau am Dachstein inkl. HP,"Noch 4T 4Std (Montag, 23:36)","EUR 221,00",https://www.ebay.at/itm/4-Tage-Wandern-Ski-Reise-Hotel-Neuwirt-4-Urlaub-Ramsau-am-Dachstein-inkl-HP/402618236758?hash=item5dbdeabf56:g:m2cAAOSwZDdf4PAS
4 Tage Wandern Ski Reise Hotel Neuwirt 4* Urlaub Ramsau am Dachstein inkl. HP,"Noch 2T 4Std (Samstag, 23:36)","EUR 245,00",https://www.ebay.at/itm/4-Tage-Wandern-Ski-Reise-Hotel-Neuwirt-4-Urlaub-Ramsau-am-Dachstein-inkl-HP/383866474155?hash=item5960398eab:g:mUQAAOSw4gRf3k0m
3 Tage Erholung Urlaub Hotel Engel im Salinental 3* Bad Kreuznach Kurzreise,"Noch 5T 21Std (Mittwoch, 16:08)","EUR 8,50",https://www.ebay.at/itm/3-Tage-Erholung-Urlaub-Hotel-Engel-im-Salinental-3-Bad-Kreuznach-Kurzreise/402620227650?hash=item5dbe092042:g:UIQAAOSwGk5f4ymQ
3 Tage Kurzurlaub am Millstätter See Hotel Bellevue 4* Kärnten Reise inkl. HP,"Noch 2T 9Std (Sonntag, 3:42)","EUR 78,00",https://www.ebay.at/itm/3-Tage-Kurzurlaub-am-Millstatter-See-Hotel-Bellevue-4-Karnten-Reise-inkl-HP/383866723235?hash=item59603d5ba3:g:piMAAOSwg3Jf3oU8
4 Tage Urlaub Hotel Mea Via 4* inkl. HP Pufels Südtirol Dolomiten Wandern Biking,"Noch 2 T (Samstag, 18:43)","EUR 269,00",https://www.ebay.at/itm/4-Tage-Urlaub-Hotel-Mea-Via-4-inkl-HP-Pufels-Sudtirol-Dolomiten-Wandern-Biking/383866124033?hash=item5960343701:g:~A0AAOSwtkNf3gan
5 Tage Wellness Urlaub Bad Füssing Reise Johannesbad Vital Hotel Jagdhof inkl HP,"Noch 3T 4Std (Sonntag, 23:02)","EUR 288,00",https://www.ebay.at/itm/5-Tage-Wellness-Urlaub-Bad-Fussing-Reise-Johannesbad-Vital-Hotel-Jagdhof-inkl-HP/313351829727?hash=item48f53978df:g:o48AAOSw7b9f35d0
4 Tage Urlaub Erholung Bad Schallerbach Landidyll Hotel Grünes Türl inkl. HP,"Noch 4T 5Std (Montag, 23:43)","EUR 36,50",https://www.ebay.at/itm/4-Tage-Urlaub-Erholung-Bad-Schallerbach-Landidyll-Hotel-Grunes-Turl-inkl-HP/402618236648?hash=item5dbdeabee8:g:vn4AAOSwIWtf4PAO
4 Tage Erholung Reise Hotel Paradiso Pure Living 4* inkl. HP Seiser Alm Südtirol,"Noch 2T 5Std (Sonntag, 0:28)","EUR 445,00",https://www.ebay.at/itm/4-Tage-Erholung-Reise-Hotel-Paradiso-Pure-Living-4-inkl-HP-Seiser-Alm-Sudtirol/383866538438?hash=item59603a89c6:g:6lEAAOSwBSpf3lss
4 Tage 4*S Grand Hotel della Posta Wellness Urlaub Sondrio Lombardei Italien,Noch 2 Std (Heute 21:08),"EUR 64,00",https://www.ebay.at/itm/4-Tage-4-S-Grand-Hotel-della-Posta-Wellness-Urlaub-Sondrio-Lombardei-Italien/383863134922?hash=item5960069aca:g:P6AAAOSwP4Nf24bN
3 Tage Erholung Urlaub Hotel Aquamarin 3* Bad Mitterndorf Tauplitz Steiermark,"Noch 5T 1Std (Dienstag, 20:35)","EUR 12,50",https://www.ebay.at/itm/3-Tage-Erholung-Urlaub-Hotel-Aquamarin-3-Bad-Mitterndorf-Tauplitz-Steiermark/402619271439?hash=item5dbdfa890f:g:3MUAAOSw5llf4hdm
6 Tage Urlaub Hotel Fortuna 3* Paznauntal Tirol Wandern Biking Reise inkl. HP,"Noch 5T 7Std (Mittwoch, 2:06)","EUR 150,00",https://www.ebay.at/itm/6-Tage-Urlaub-Hotel-Fortuna-3-Paznauntal-Tirol-Wandern-Biking-Reise-inkl-HP/402619556168?hash=item5dbdfee148:g:i84AAOSw31xf4mSc
3 Tage Urlaub Hotel Tirolerhof 4* Stubaital Fulpmes Tirol inkl. HP Kurzreise,"Noch 3T 23Std (Montag, 18:23)","EUR 67,00",https://www.ebay.at/itm/3-Tage-Urlaub-Hotel-Tirolerhof-4-Stubaital-Fulpmes-Tirol-inkl-HP-Kurzreise/383868929039?hash=item59605f040f:g:S-kAAOSw-IRf4KKe
7 Tage Strandurlaub auf Rügen Ostsee Hotel Baabe inkl. HP Reise Deutschland,"Noch 5T 2Std (Dienstag, 20:53)","EUR 216,56",https://www.ebay.at/itm/7-Tage-Strandurlaub-auf-Rugen-Ostsee-Hotel-Baabe-inkl-HP-Reise-Deutschland/383870656325?hash=item5960795f45:g:Am0AAOSwBGJf4hds
4 Tage Erholung Urlaub Mountain Lake Hotel Vernagt 4* inkl. HP Schnals Südtirol,"Noch 5T 4Std (Dienstag, 23:32)","EUR 122,00",https://www.ebay.at/itm/4-Tage-Erholung-Urlaub-Mountain-Lake-Hotel-Vernagt-4-inkl-HP-Schnals-Sudtirol/402619405292?hash=item5dbdfc93ec:g:dP0AAOSwKwNf4kGA
3 Tage Wellness Urlaub Hotel Stroissmüller 4* inkl. HP Therme Bad Schallerbach,"Noch 2T 6Std (Sonntag, 0:40)","EUR 225,00",https://www.ebay.at/itm/3-Tage-Wellness-Urlaub-Hotel-Stroissmuller-4-inkl-HP-Therme-Bad-Schallerbach/402615923014?hash=item5dbdc77146:g:WsYAAOSw8FVf3lsm
5 Tage Reise Hotel alle Piramidi 3* Wellness Urlaub Italien inkl 1x Abendessen,"Noch 2T 6Std (Sonntag, 0:43)","EUR 32,50",https://www.ebay.at/itm/5-Tage-Reise-Hotel-alle-Piramidi-3-Wellness-Urlaub-Italien-inkl-1x-Abendessen/402615922895?hash=item5dbdc770cf:g:m-gAAOSwFdNf3lse
Weekend Special Kurzreise Hotel Christkindlwirt 4* 3 Tage Urlaub in Steyr,"Noch 2T 4Std (Samstag, 22:57)","EUR 113,00",https://www.ebay.at/itm/Weekend-Special-Kurzreise-Hotel-Christkindlwirt-4-3-Tage-Urlaub-in-Steyr/402615849934?hash=item5dbdc653ce:g:kugAAOSwenZf3kXp
3 Tage Romantik Urlaub Schloss Hotel Münichau bei Kitzbühel Tirol inkl 1x Dinner,"Noch 5T 5Std (Mittwoch, 0:24)","EUR 57,00",https://www.ebay.at/itm/3-Tage-Romantik-Urlaub-Schloss-Hotel-Munichau-bei-Kitzbuhel-Tirol-inkl-1x-Dinner/313354471400?hash=item48f561c7e8:g:DWYAAOSwKU9f4kh-
4 Tage Urlaub Hotel Fortuna 3* Paznauntal Tirol Wandern Biking Reise inkl. HP,"Noch 1T 2Std (Freitag, 21:01)","EUR 114,00",https://www.ebay.at/itm/4-Tage-Urlaub-Hotel-Fortuna-3-Paznauntal-Tirol-Wandern-Biking-Reise-inkl-HP/402614561142?hash=item5dbdb2a976:g:p2oAAOSwCStf3Nhe
5 Tage Reise Hotel alle Piramidi 3* Wellness Urlaub Italien inkl 1x Abendessen,"Noch 5T 6Std (Mittwoch, 0:43)","EUR 15,50",https://www.ebay.at/itm/5-Tage-Reise-Hotel-alle-Piramidi-3-Wellness-Urlaub-Italien-inkl-1x-Abendessen/313354505550?hash=item48f5624d4e:g:HT8AAOSwqtJf4k-4
3 Tage Wandern Kurzurlaub Sundance Mountain Resort 4* Turracher Höhe Steiermark,"Noch 4T 7Std (Dienstag, 2:21)","EUR 64,00",https://www.ebay.at/itm/3-Tage-Wandern-Kurzurlaub-Sundance-Mountain-Resort-4-Turracher-Hohe-Steiermark/402618380565?hash=item5dbdecf115:g:7NQAAOSwqf5f4RMy
3 Tage Wellness Kurzurlaub Hotel Sonneck 4* Kössen Kaiserwinkl Tirol inkl. HP,"Noch 4T 20Std (Dienstag, 15:16)","EUR 59,00",https://www.ebay.at/itm/3-Tage-Wellness-Kurzurlaub-Hotel-Sonneck-4-Kossen-Kaiserwinkl-Tirol-inkl-HP/383870279418?hash=item5960739efa:g:cygAAOSwIlhf4cnt
3 Tage Wellness Urlaub Hotel Götzfried 4* Regensburg Bayern inkl. HP Kurzreise,"Noch 4T 2Std (Montag, 21:05)","EUR 145,00",https://www.ebay.at/itm/3-Tage-Wellness-Urlaub-Hotel-Gotzfried-4-Regensburg-Bayern-inkl-HP-Kurzreise/402618139098?hash=item5dbde941da:g:ABIAAOSwJq9f4Mz6
4 Tage 4* Hotel Piroska Wellness Erholung Urlaub Bük inkl. HP Ungarn Reise,"Noch 4T 7Std (Dienstag, 2:06)","EUR 30,50",https://www.ebay.at/itm/4-Tage-4-Hotel-Piroska-Wellness-Erholung-Urlaub-Buk-inkl-HP-Ungarn-Reise/383869509690?hash=item596067e03a:g:XqAAAOSwGk5f4RM3
4 Tage Erholung Urlaub Hotel Engel im Salinental 3* Bad Kreuznach Kurzreise,"Noch 2T 2Std (Samstag, 20:53)","EUR 68,00",https://www.ebay.at/itm/4-Tage-Erholung-Urlaub-Hotel-Engel-im-Salinental-3-Bad-Kreuznach-Kurzreise/313350562553?hash=item48f52622f9:g:-koAAOSwiHVf3iLx
4 Tage Urlaub Erholung Bad Schallerbach Landidyll Hotel Grünes Türl inkl. HP,"Noch 1T 5Std (Freitag, 23:43)","EUR 100,00",https://www.ebay.at/itm/4-Tage-Urlaub-Erholung-Bad-Schallerbach-Landidyll-Hotel-Grunes-Turl-inkl-HP/383864981320?hash=item596022c748:g:75IAAOSw~8Ff3PuE
5 Tage Reise Hotel alle Piramidi 3* Wellness Urlaub Italien inkl 1x Abendessen,"Noch 6 Std (Freitag, 0:43)","EUR 36,50",https://www.ebay.at/itm/5-Tage-Reise-Hotel-alle-Piramidi-3-Wellness-Urlaub-Italien-inkl-1x-Abendessen/383863494989?hash=item59600c194d:g:yHYAAOSwPKlf27gf
3 Tage Urlaub am Bauernhof Familie Unger Erholung Relax Kurzreise Steiermark,"Noch 4T 8Std (Dienstag, 2:55)","EUR 8,00",https://www.ebay.at/itm/3-Tage-Urlaub-am-Bauernhof-Familie-Unger-Erholung-Relax-Kurzreise-Steiermark/402618405374?hash=item5dbded51fe:g:t-cAAOSwtvxf4RpU
3 Tage Urlaub 4* Landhotel Postgut Lungau Salzburger Land Kurzreise inkl. HP,"Noch 3T 5Std (Montag, 0:32)","EUR 21,50",https://www.ebay.at/itm/3-Tage-Urlaub-4-Landhotel-Postgut-Lungau-Salzburger-Land-Kurzreise-inkl-HP/313351900307?hash=item48f53a8c93:g:S-cAAOSwsaxf36yu
3 Tage Wellness Thermen Urlaub Hotel Rogner Bad Blumau 4* inkl. HP Steiermark,"Noch 6 Std (Freitag, 0:55)","EUR 401,10",https://www.ebay.at/itm/3-Tage-Wellness-Thermen-Urlaub-Hotel-Rogner-Bad-Blumau-4-inkl-HP-Steiermark/402613386273?hash=item5dbda0bc21:g:v7UAAOSw9Flf27gm
3 Tage Wellness Thermen Urlaub Hotel Rogner Bad Blumau 4* inkl. HP Steiermark,"Noch 5T 21Std (Mittwoch, 16:02)","EUR 400,99",https://www.ebay.at/itm/3-Tage-Wellness-Thermen-Urlaub-Hotel-Rogner-Bad-Blumau-4-inkl-HP-Steiermark/313355275781?hash=item48f56e0e05:g:dFoAAOSwzq5f4ymM
3 Tage Kurzreise Hotel Landgut Althof Retz 4* Weinviertel Wellness Urlaub,"Noch 2T 8Std (Sonntag, 3:13)","EUR 155,00",https://www.ebay.at/itm/3-Tage-Kurzreise-Hotel-Landgut-Althof-Retz-4-Weinviertel-Wellness-Urlaub/402616052795?hash=item5dbdc96c3b:g:j1sAAOSwVrNf3n5C
3 Tage Weekend Special Urlaub Hotel & Spa Suites VITUS Steyr 4* inkl. 1x Dinner,"Noch 2T 5Std (Samstag, 23:52)","EUR 126,00",https://www.ebay.at/itm/3-Tage-Weekend-Special-Urlaub-Hotel-Spa-Suites-VITUS-Steyr-4-inkl-1x-Dinner/383866474160?hash=item5960398eb0:g:3VgAAOSw3XBf3k0q
3 Tage Kurzurlaub Hotel DAS SONNREICH 4* Wellness Genuss Reise Loipersdorf HP,"Noch 6T 3Std (Mittwoch, 21:50)","EUR 221,00",https://www.ebay.at/itm/3-Tage-Kurzurlaub-Hotel-DAS-SONNREICH-4-Wellness-Genuss-Reise-Loipersdorf-HP/402620484022?hash=item5dbe0d09b6:g:pnQAAOSwNmVf43cJ
4 Tage 4* Wellness Erholung Urlaub Hotel Allmer Bad Gleichenberg Steiermark,"Noch 5T 5Std (Dienstag, 23:56)","EUR 274,00",https://www.ebay.at/itm/4-Tage-4-Wellness-Erholung-Urlaub-Hotel-Allmer-Bad-Gleichenberg-Steiermark/383871022857?hash=item59607ef709:g:KQkAAOSwFHBf4kiB
3 Tage Kurzurlaub Hotel Das Alpenhaus Gasteinertal 4* inkl. HP Wellness Reise,"Noch 4T 3Std (Montag, 22:17)","EUR 153,00",https://www.ebay.at/itm/3-Tage-Kurzurlaub-Hotel-Das-Alpenhaus-Gasteinertal-4-inkl-HP-Wellness-Reise/383869203621?hash=item59606334a5:g:WXMAAOSwX2pf4Nro
4 Tage Urlaub Hotel DAS SONNREICH 4* Wellness EXKL. Eintritt Therme Loipersdorf,"Noch 3T 8Std (Montag, 3:36)","EUR 101,00",https://www.ebay.at/itm/4-Tage-Urlaub-Hotel-DAS-SONNREICH-4-Wellness-EXKL-Eintritt-Therme-Loipersdorf/402617246500?hash=item5dbddba324:g:RsYAAOSwzDxf39bo
3 Tage Wandern Kurzurlaub Sundance Mountain Resort 4* Turracher Höhe Steiermark,"Noch 1T 7Std (Samstag, 2:21)","EUR 73,00",https://www.ebay.at/itm/3-Tage-Wandern-Kurzurlaub-Sundance-Mountain-Resort-4-Turracher-Hohe-Steiermark/402614797031?hash=item5dbdb642e7:g:wBsAAOSwiVRf3R6Z
5 Tage 4* Hotel Piroska Wellness Erholung Urlaub Bük inkl. HP Ungarn Reise,"Noch 3T 21Std (Montag, 16:35)","EUR 102,00",https://www.ebay.at/itm/5-Tage-4-Hotel-Piroska-Wellness-Erholung-Urlaub-Buk-inkl-HP-Ungarn-Reise/402617908950?hash=item5dbde5bed6:g:SPIAAOSw-R9f4I2L
4 Tage Urlaub Erholung Bad Schallerbach Landidyll Hotel Grünes Türl inkl. HP,"Noch 3T 5Std (Sonntag, 23:43)","EUR 96,00",https://www.ebay.at/itm/4-Tage-Urlaub-Erholung-Bad-Schallerbach-Landidyll-Hotel-Grunes-Turl-inkl-HP/383867851973?hash=item59604e94c5:g:AIsAAOSw5MFf356s
5 Tage Thermen & Berge Deluxe Reise AQUA DOME 4*sup Wellness Urlaub Ötztal Tirol,"Noch 6 Std (Freitag, 0:44)","EUR 866,00",https://www.ebay.at/itm/5-Tage-Thermen-Berge-Deluxe-Reise-AQUA-DOME-4-sup-Wellness-Urlaub-Otztal-Tirol/402613386224?hash=item5dbda0bbf0:g:Yg0AAOSwViVf27gk
Weekend Special Kurzreise Hotel Christkindlwirt 4* 3 Tage Urlaub in Steyr,"Noch 3T 4Std (Sonntag, 22:57)","EUR 101,00",https://www.ebay.at/itm/Weekend-Special-Kurzreise-Hotel-Christkindlwirt-4-3-Tage-Urlaub-in-Steyr/313351829634?hash=item48f5397882:g:T8gAAOSw~apf35dt
4 Tage Erholung Urlaub 3* Pension Hottererhof Gerlos Zillertal Tirol Wandern,"Noch 6 Std (Freitag, 0:53)","EUR 101,00",https://www.ebay.at/itm/4-Tage-Erholung-Urlaub-3-Pension-Hottererhof-Gerlos-Zillertal-Tirol-Wandern/402613386296?hash=item5dbda0bc38:g:0eMAAOSwTuxf27gn
5 Tage Wellness Urlaub Bad Füssing Reise Johannesbad Vital Hotel Jagdhof inkl HP,"Noch 2T 4Std (Samstag, 23:02)","EUR 288,00",https://www.ebay.at/itm/5-Tage-Wellness-Urlaub-Bad-Fussing-Reise-Johannesbad-Vital-Hotel-Jagdhof-inkl-HP/402615849958?hash=item5dbdc653e6:g:o-UAAOSwcAlf3kXr
3 Tage Romantik Urlaub Schloss Hotel Münichau bei Kitzbühel Tirol inkl 1x Dinner,"Noch 3T 5Std (Montag, 0:24)","EUR 101,00",https://www.ebay.at/itm/3-Tage-Romantik-Urlaub-Schloss-Hotel-Munichau-bei-Kitzbuhel-Tirol-inkl-1x-Dinner/383867884050?hash=item59604f1212:g:4jQAAOSwsaRf36Wr
3 Tage 4* Hotel Piroska Wellness Erholung Kurzurlaub Bük inkl. HP Ungarn Reise,"Noch 5T 4Std (Dienstag, 23:02)","EUR 10,50",https://www.ebay.at/itm/3-Tage-4-Hotel-Piroska-Wellness-Erholung-Kurzurlaub-Buk-inkl-HP-Ungarn-Reise/402619381326?hash=item5dbdfc364e:g:dF4AAOSwHXRf4jqB
5 Tage 4*S Alpine Lifestyle Hotel Das Kronthaler Wellness Urlaub All Inclusive,"Noch 2T 20Std (Sonntag, 14:42)","EUR 801,00",https://www.ebay.at/itm/5-Tage-4-S-Alpine-Lifestyle-Hotel-Das-Kronthaler-Wellness-Urlaub-All-Inclusive/402616560272?hash=item5dbdd12a90:g:4AwAAOSwGb9f3yAJ
3 Tage Wellness Kurzurlaub Genusshotel Riegersburg 4* inkl. HP Steiermark Reise,"Noch 4T 3Std (Montag, 21:45)","EUR 246,00",https://www.ebay.at/itm/3-Tage-Wellness-Kurzurlaub-Genusshotel-Riegersburg-4-inkl-HP-Steiermark-Reise/383869171024?hash=item596062b550:g:k0UAAOSweR9f4NPt
3 Tage Wellness Kurzurlaub Hotel Sonneck 4* Kössen Kaiserwinkl Tirol inkl. HP,"Noch 3T 20Std (Montag, 15:16)","EUR 90,00",https://www.ebay.at/itm/3-Tage-Wellness-Kurzurlaub-Hotel-Sonneck-4-Kossen-Kaiserwinkl-Tirol-inkl-HP/402617838819?hash=item5dbde4ace3:g:O8MAAOSwc2pf4HiK
5 Tage Reise Hotel alle Piramidi 3* Wellness Urlaub Italien inkl 1x Abendessen,"Noch 3T 6Std (Montag, 0:43)","EUR 32,50",https://www.ebay.at/itm/5-Tage-Reise-Hotel-alle-Piramidi-3-Wellness-Urlaub-Italien-inkl-1x-Abendessen/383867920483?hash=item59604fa063:g:mLcAAOSwaDRf36yo
3 Tage Wellness Thermen Urlaub Hotel Rogner Bad Blumau 4* inkl. HP Steiermark,"Noch 1T 6Std (Samstag, 0:55)","EUR 401,10",https://www.ebay.at/itm/3-Tage-Wellness-Thermen-Urlaub-Hotel-Rogner-Bad-Blumau-4-inkl-HP-Steiermark/402614713461?hash=item5dbdb4fc75:g:Q5AAAOSwKcZf3Qmz
3 Tage Wellness Thermen Urlaub Hotel Rogner Bad Blumau 4* inkl. HP Steiermark,"Noch 3T 6Std (Montag, 0:55)","EUR 400,04",https://www.ebay.at/itm/3-Tage-Wellness-Thermen-Urlaub-Hotel-Rogner-Bad-Blumau-4-inkl-HP-Steiermark/402617069292?hash=item5dbdd8eeec:g:j6MAAOSwjgtf36yr
3 Tage Kurzreise Hotel Landgut Althof Retz 4* Weinviertel Wellness Urlaub,"Noch 3T 8Std (Montag, 3:13)","EUR 157,00",https://www.ebay.at/itm/3-Tage-Kurzreise-Hotel-Landgut-Althof-Retz-4-Weinviertel-Wellness-Urlaub/383868091253?hash=item5960523b75:g:1BMAAOSwksBf38-0
3 Tage Kurzreise Hotel Landgut Althof Retz 4* Weinviertel Wellness Urlaub,"Noch 5T 8Std (Mittwoch, 3:13)","EUR 151,00",https://www.ebay.at/itm/3-Tage-Kurzreise-Hotel-Landgut-Althof-Retz-4-Weinviertel-Wellness-Urlaub/313354680947?hash=item48f564fa73:g:654AAOSwH3Ff4nLU
Weekend Special Kurzreise Hotel Christkindlwirt 4* 3 Tage Urlaub in Steyr,"Noch 1T 4Std (Freitag, 22:57)","EUR 103,00",https://www.ebay.at/itm/Weekend-Special-Kurzreise-Hotel-Christkindlwirt-4-3-Tage-Urlaub-in-Steyr/313349386920?hash=item48f51432a8:g:ei4AAOSwLYBf3PSD
4 Tage 4* Hotel Piroska Wellness Erholung Urlaub Bük inkl. HP Ungarn Reise,"Noch 2T 7Std (Sonntag, 2:06)","EUR 100,03",https://www.ebay.at/itm/4-Tage-4-Hotel-Piroska-Wellness-Erholung-Urlaub-Buk-inkl-HP-Ungarn-Reise/313350869681?hash=item48f52ad2b1:g:cIgAAOSwVFhf3nBV
4 Tage Urlaub Erholung Bad Schallerbach Landidyll Hotel Grünes Türl inkl. HP,"Noch 2T 5Std (Samstag, 23:43)","EUR 99,00",https://www.ebay.at/itm/4-Tage-Urlaub-Erholung-Bad-Schallerbach-Landidyll-Hotel-Grunes-Turl-inkl-HP/383866474127?hash=item5960398e8f:g:OPUAAOSwIWtf3k0j
